[{"id":0,"parent":1,"joint":"hinge","name":"door","parts":[{"id":13,"name":"door_frame","children":[]},{"id":14,"name":"handle","children":[]},{"id":15,"name":"glass","children":[]}],"jointData":{"axis":{"origin":[0.29319931760430357,0,0.24443491768836934],"direction":[0,1,0]},"limit":{"a":0,"b":170,"noLimit":false}}},{"id":1,"parent":-1,"joint":"heavy","name":"frame","parts":[{"id":10,"name":"frame","children":[]},{"id":20,"name":"other_leaf","children":[]},{"id":7,"name":"foot","children":[]},{"id":8,"name":"foot","children":[]},{"id":9,"name":"foot","children":[]},{"id":16,"name":"shelf","children":[]},{"id":17,"name":"shelf","children":[]},{"id":18,"name":"shelf","children":[]}],"jointData":{}}]