[{"children": [{"children": [{"text": "frame", "ori_id": 10, "objs": ["original-119", "original-58", "original-122"], "name": "frame", "id": 2}, {"children": [{"text": "shelf", "ori_id": 16, "objs": ["original-2", "original-3", "original-54", "original-51", "original-55", "original-32", "original-13", "original-30", "original-12", "original-42", "original-31", "original-36", "original-20", "original-27", "original-53", "original-7", "original-28", "original-41", "original-50", "original-38", "original-8", "original-57", "original-37", "original-40", "original-56", "original-45", "original-6", "original-49", "original-47", "original-46", "original-35", "original-44", "original-21", "original-52", "original-23", "original-39", "original-34", "original-33", "original-25", "original-5", "original-16", "original-43", "original-29", "original-26", "original-48", "original-24", "original-19", "original-22", "original-10", "original-15", "original-18", "original-14", "original-11", "original-9", "original-17"], "name": "shelf", "id": 4}, {"text": "shelf", "ori_id": 17, "objs": ["original-181", "original-140", "original-132", "original-134", "original-137", "original-141", "original-138", "original-133", "original-145", "original-142", "original-147", "original-171", "original-149", "original-152", "original-166", "original-139", "original-128", "original-148", "original-156", "original-157", "original-162", "original-146", "original-175", "original-144", "original-167", "original-158", "original-169", "original-170", "original-172", "original-129", "original-168", "original-179", "original-163", "original-160", "original-180", "original-131", "original-161", "original-173", "original-164", "original-151", "original-130", "original-176", "original-150", "original-143", "original-159", "original-154", "original-165", "original-135", "original-153", "original-136", "original-155", "original-178", "original-174", "original-177", "original-126"], "name": "shelf", "id": 5}, {"text": "shelf", "ori_id": 18, "objs": ["original-118", "original-65", "original-62", "original-77", "original-69", "original-71", "original-74", "original-78", "original-75", "original-70", "original-82", "original-79", "original-84", "original-108", "original-86", "original-89", "original-103", "original-76", "original-85", "original-93", "original-94", "original-99", "original-83", "original-112", "original-81", "original-104", "original-95", "original-106", "original-107", "original-109", "original-66", "original-105", "original-116", "original-100", "original-97", "original-117", "original-68", "original-98", "original-110", "original-101", "original-88", "original-67", "original-113", "original-87", "original-80", "original-96", "original-91", "original-102", "original-72", "original-90", "original-73", "original-92", "original-115", "original-111", "original-114"], "name": "shelf", "id": 6}], "objs": ["original-2", "original-3", "original-54", "original-51", "original-55", "original-32", "original-13", "original-30", "original-12", "original-42", "original-31", "original-36", "original-20", "original-27", "original-53", "original-7", "original-28", "original-41", "original-50", "original-38", "original-8", "original-57", "original-37", "original-40", "original-56", "original-45", "original-6", "original-49", "original-47", "original-46", "original-35", "original-44", "original-21", "original-52", "original-23", "original-39", "original-34", "original-33", "original-25", "original-5", "original-16", "original-43", "original-29", "original-26", "original-48", "original-24", "original-19", "original-22", "original-10", "original-15", "original-18", "original-14", "original-11", "original-9", "original-17", "original-181", "original-140", "original-132", "original-134", "original-137", "original-141", "original-138", "original-133", "original-145", "original-142", "original-147", "original-171", "original-149", "original-152", "original-166", "original-139", "original-128", "original-148", "original-156", "original-157", "original-162", "original-146", "original-175", "original-144", "original-167", "original-158", "original-169", "original-170", "original-172", "original-129", "original-168", "original-179", "original-163", "original-160", "original-180", "original-131", "original-161", "original-173", "original-164", "original-151", "original-130", "original-176", "original-150", "original-143", "original-159", "original-154", "original-165", "original-135", "original-153", "original-136", "original-155", "original-178", "original-174", "original-177", "original-126", "original-118", "original-65", "original-62", "original-77", "original-69", "original-71", "original-74", "original-78", "original-75", "original-70", "original-82", "original-79", "original-84", "original-108", "original-86", "original-89", "original-103", "original-76", "original-85", "original-93", "original-94", "original-99", "original-83", "original-112", "original-81", "original-104", "original-95", "original-106", "original-107", "original-109", "original-66", "original-105", "original-116", "original-100", "original-97", "original-117", "original-68", "original-98", "original-110", "original-101", "original-88", "original-67", "original-113", "original-87", "original-80", "original-96", "original-91", "original-102", "original-72", "original-90", "original-73", "original-92", "original-115", "original-111", "original-114"], "text": "body_interior", "ori_id": 11, "name": "body_interior", "id": 3}, {"children": [{"text": "door_frame", "ori_id": 13, "objs": ["original-124"], "name": "door_frame", "id": 8}, {"text": "handle", "ori_id": 14, "objs": ["original-182"], "name": "handle", "id": 9}], "objs": ["original-124", "original-182", "original-123"], "text": "door", "ori_id": 12, "name": "door", "id": 7}], "objs": ["original-119", "original-58", "original-122", "original-2", "original-3", "original-54", "original-51", "original-55", "original-32", "original-13", "original-30", "original-12", "original-42", "original-31", "original-36", "original-20", "original-27", "original-53", "original-7", "original-28", "original-41", "original-50", "original-38", "original-8", "original-57", "original-37", "original-40", "original-56", "original-45", "original-6", "original-49", "original-47", "original-46", "original-35", "original-44", "original-21", "original-52", "original-23", "original-39", "original-34", "original-33", "original-25", "original-5", "original-16", "original-43", "original-29", "original-26", "original-48", "original-24", "original-19", "original-22", "original-10", "original-15", "original-18", "original-14", "original-11", "original-9", "original-17", "original-181", "original-140", "original-132", "original-134", "original-137", "original-141", "original-138", "original-133", "original-145", "original-142", "original-147", "original-171", "original-149", "original-152", "original-166", "original-139", "original-128", "original-148", "original-156", "original-157", "original-162", "original-146", "original-175", "original-144", "original-167", "original-158", "original-169", "original-170", "original-172", "original-129", "original-168", "original-179", "original-163", "original-160", "original-180", "original-131", "original-161", "original-173", "original-164", "original-151", "original-130", "original-176", "original-150", "original-143", "original-159", "original-154", "original-165", "original-135", "original-153", "original-136", "original-155", "original-178", "original-174", "original-177", "original-126", "original-118", "original-65", "original-62", "original-77", "original-69", "original-71", "original-74", "original-78", "original-75", "original-70", "original-82", "original-79", "original-84", "original-108", "original-86", "original-89", "original-103", "original-76", "original-85", "original-93", "original-94", "original-99", "original-83", "original-112", "original-81", "original-104", "original-95", "original-106", "original-107", "original-109", "original-66", "original-105", "original-116", "original-100", "original-97", "original-117", "original-68", "original-98", "original-110", "original-101", "original-88", "original-67", "original-113", "original-87", "original-80", "original-96", "original-91", "original-102", "original-72", "original-90", "original-73", "original-92", "original-115", "original-111", "original-114", "original-124", "original-182", "original-123", "original-59"], "text": "body", "ori_id": 1, "name": "body", "id": 1}, {"children": [{"children": [{"text": "foot", "ori_id": 7, "objs": ["original-184"], "name": "foot", "id": 12}, {"text": "foot", "ori_id": 8, "objs": ["original-185"], "name": "foot", "id": 13}, {"text": "foot", "ori_id": 9, "objs": ["original-183"], "name": "foot", "id": 14}], "objs": ["original-184", "original-185", "original-183"], "text": "foot_base", "ori_id": 5, "name": "foot_base", "id": 11}], "objs": ["original-184", "original-185", "original-183"], "text": "base", "ori_id": 2, "name": "base", "id": 10}], "objs": ["original-119", "original-58", "original-122", "original-2", "original-3", "original-54", "original-51", "original-55", "original-32", "original-13", "original-30", "original-12", "original-42", "original-31", "original-36", "original-20", "original-27", "original-53", "original-7", "original-28", "original-41", "original-50", "original-38", "original-8", "original-57", "original-37", "original-40", "original-56", "original-45", "original-6", "original-49", "original-47", "original-46", "original-35", "original-44", "original-21", "original-52", "original-23", "original-39", "original-34", "original-33", "original-25", "original-5", "original-16", "original-43", "original-29", "original-26", "original-48", "original-24", "original-19", "original-22", "original-10", "original-15", "original-18", "original-14", "original-11", "original-9", "original-17", "original-181", "original-140", "original-132", "original-134", "original-137", "original-141", "original-138", "original-133", "original-145", "original-142", "original-147", "original-171", "original-149", "original-152", "original-166", "original-139", "original-128", "original-148", "original-156", "original-157", "original-162", "original-146", "original-175", "original-144", "original-167", "original-158", "original-169", "original-170", "original-172", "original-129", "original-168", "original-179", "original-163", "original-160", "original-180", "original-131", "original-161", "original-173", "original-164", "original-151", "original-130", "original-176", "original-150", "original-143", "original-159", "original-154", "original-165", "original-135", "original-153", "original-136", "original-155", "original-178", "original-174", "original-177", "original-126", "original-118", "original-65", "original-62", "original-77", "original-69", "original-71", "original-74", "original-78", "original-75", "original-70", "original-82", "original-79", "original-84", "original-108", "original-86", "original-89", "original-103", "original-76", "original-85", "original-93", "original-94", "original-99", "original-83", "original-112", "original-81", "original-104", "original-95", "original-106", "original-107", "original-109", "original-66", "original-105", "original-116", "original-100", "original-97", "original-117", "original-68", "original-98", "original-110", "original-101", "original-88", "original-67", "original-113", "original-87", "original-80", "original-96", "original-91", "original-102", "original-72", "original-90", "original-73", "original-92", "original-115", "original-111", "original-114", "original-124", "original-182", "original-123", "original-59", "original-184", "original-185", "original-183"], "text": "refrigerator", "ori_id": 0, "name": "refrigerator", "id": 0}]